[{
	"id": "1",
	"productId": "eLnc5A4YT",
	"productName": "Real-2",
	"partNo": "eLnc5A4YT",
	"imageLink": "https://assets.gadgets360cdn.com/shop/assets/products/realme-2-pro_1546511706.jpeg",
	"productShortDesc": "2 GB RAM | 16 GB ROM | Expandable Upto 256 GB 15.49 cm (6.1 inch) HD+ Display 13MP + 2MP | 5MP Front Camera",
	"quantity":"1"
}, {
	"id": "2",
	"productId": "7Zlrc8sPB",
	"productName": "Travel Small Gadgets",
	"partNo": "7Zlrc8sPB",
	"imageLink": "https://m.media-amazon.com/images/I/61FwkI1xD2L._AC_UY218_.jpg",
	"productShortDesc": "Safe protection - built-in strap and buffer layer offers protection against minor bumps, scratches, dust, drops and shocks",
	"quantity":"1"
}, {
	"id": "3",
	"productId": "EcPOG1aGp",
	"productName": "In-Ear Headphone",
	"partNo": "EcPOG1aGp",
	"imageLink": "https://images-na.ssl-images-amazon.com/images/I/51j4zZ9eQSL._SX679_.jpg",
	"productShortDesc": "Item is a Wired in-the-ear headphone without microphone/ button to control volume.Powerful, bass-driven stereo sound",
	"quantity":"3"
}, {
	"id": "6",
	"productId": "FesNH6sCy-Test",
	"productName": "Spiral Cable Protector",
	"partNo": "FesNH6sCy-Test",
	"imageLink": "https://images-na.ssl-images-amazon.com/images/I/51Bs28VFEjL.jpg",
	"productShortDesc": "Mobile Phone Cable Protector: Protect mobile data/earphone cable from Pulling & Breaking. It maintains cable flexibility.",
	"quantity":"3"
}]