[{"firstName":"test6","lastName":"test6","middleName":"test6","mobileNumber":"","email":"","isActive":"1","langCode":"EN"},
{"firstName":"Dev","lastName":"Saraswat","middleName":"","mobileNumber":"+111111111","email":"dev@gmail.com","isActive":"1","langCode":"EN"},
{"firstName":"dev","lastName":"saraswat","middleName":"","mobileNumber":"+11111111","email":"dev@gmail.com","isActive":"1","langCode":"EN"},
{"firstName":"Poornima","lastName":"Sharma","middleName":"","mobileNumber":"+111111111","email":"poornima@in.ibm.com","isActive":"1","langCode":"EN"},
{"firstName":"ADMIN","lastName":"SYSTEM","middleName":"","mobileNumber":"+911234567890","email":"admin@abox.com","isActive":"1","langCode":"EN"},
{"firstName":"Dummy","lastName":"Dummy","middleName":"","mobileNumber":"+11111111","email":"dummy@gmail.com","isActive":"1","langCode":"EN"},
{"firstName":"Dummy","lastName":"Dummy","middleName":"","mobileNumber":"+11111111","email":"dummy@gmail.com","isActive":"1","langCode":"EN"},
{"firstName":"CHIARA","lastName":"POLLONI","middleName":"","mobileNumber":"+111111","email":"nkdsnkchdsk@gmail.com","isActive":"1","langCode":"EN"},
{"firstName":"CARLO","lastName":"LONGONI","middleName":"","mobileNumber":"+2222222","email":"dnwkuieyue@gmail.com","isActive":"1","langCode":"EN"},
{"firstName":"Chetan","lastName":"Kadam","middleName":"","mobileNumber":"11111","email":"pathak@gmail.com","isActive":"1","langCode":"EN"},
{"firstName":"Rahul","lastName":"RadhaKrishna","middleName":"","mobileNumber":"11111","email":"prajaino@in.ibm.com","isActive":"1","langCode":"EN"},
{"firstName":"Prachi","lastName":"Jain","middleName":"","mobileNumber":"11111","email":"prajaino@in.ibm.com","isActive":"1","langCode":"EN"},
{"firstName":"Piyush","lastName":"Kamal","middleName":"test333","mobileNumber":"+918249100331","email":"test@test.com","isActive":"1","langCode":"EN"}]


