[{
	"productName": "Real-2",
	"imageLink": "https://assets.gadgets360cdn.com/shop/assets/products/realme-2-pro_1546511706.jpeg",
	"productShortDesc": "2 GB RAM | 16 GB ROM | Expandable Upto 256 GB 15.49 cm (6.1 inch) HD+ Display 13MP + 2MP | 5MP Front Camera",
	"quantity":"1",
	"cost":"$200"
}, {
	"productName": "Travel Small Gadgets",
	"imageLink": "https://m.media-amazon.com/images/I/61FwkI1xD2L._AC_UY218_.jpg",
	"productShortDesc": "Safe protection - built-in strap and buffer layer offers protection against minor bumps, scratches, dust, drops and shocks",
	"quantity":"1",
	"cost":"$50"
}, {
	"productName": "In-Ear Headphone",
	"imageLink": "https://images-na.ssl-images-amazon.com/images/I/51j4zZ9eQSL._SX679_.jpg",
	"productShortDesc": "Item is a Wired in-the-ear headphone without microphone/ button to control volume.Powerful, bass-driven stereo sound",
	"quantity":"3",
	"cost":"$500"
}, {
	"productName": "Spiral Cable Protector",
	"imageLink": "https://images-na.ssl-images-amazon.com/images/I/51Bs28VFEjL.jpg",
	"productShortDesc": "Mobile Phone Cable Protector: Protect mobile data/earphone cable from Pulling & Breaking. It maintains cable flexibility.",
	"quantity":"3",
	"cost":"$500"
}]