[{
	"id": "1",
	"productId": "eLnc5A4YT",
	"productName": "Real-2",
	"partNo": "eLnc5A4YT",
	"imageLink": "https://assets.gadgets360cdn.com/shop/assets/products/realme-2-pro_1546511706.jpeg",
	"productShortDesc": "2 GB RAM | 16 GB ROM | Expandable Upto 256 GB 15.49 cm (6.1 inch) HD+ Display 13MP + 2MP | 5MP Front Camera",
	"unitprice":"$ 200",
	"stock":"10"
}, {
	"id": "2",
	"productId": "7Zlrc8sPB",
	"productName": "Travel Small Gadgets",
	"partNo": "7Zlrc8sPB",
	"imageLink": "https://m.media-amazon.com/images/I/61FwkI1xD2L._AC_UY218_.jpg",
	"productShortDesc": "Safe protection - built-in strap and buffer layer offers protection against minor bumps, scratches, dust, drops and shocks",
	"unitprice":"$ 20",
	"stock":"10"
}, {
	"id": "3",
	"productId": "EcPOG1aGp",
	"productName": "In-Ear Headphone",
	"partNo": "EcPOG1aGp",
	"imageLink": "https://images-na.ssl-images-amazon.com/images/I/51j4zZ9eQSL._SX679_.jpg",
	"productShortDesc": "Item is a Wired in-the-ear headphone without microphone/ button to control volume.Powerful, bass-driven stereo sound",
	"unitprice":"$ 50",
	"stock":"20"
}, {
	"id": "4",
	"productId": "1pDPW_jeR",
	"productName": "Washing Machine",
	"partNo": "1pDPW_jeR",
	"imageLink": "https://images-na.ssl-images-amazon.com/images/I/61TOEtZQ36L._SY879_.jpg",
	"productShortDesc": "Fully-automatic top-loading washing machine.6.5 kg capacity.Keep clothes magically lint-free",
	"unitprice":"$ 500",
	"stock":"30"
}, {
	"id": "5",
	"productId": "cJexJO8ju",
	"productName": "Digital SLR Camera",
	"partNo": "cJexJO8ju",
	"imageLink": "https://images-na.ssl-images-amazon.com/images/I/914hFeTU2-L._SX679_.jpg",
	"productShortDesc": "Sensor: APS-C CMOS Sensor with 24.1 MP (high resolution for large prints and image cropping) ISO: 100-6400 sensitivity range",
	"unitprice":"$ 600",
	"stock":"60"
}, {
	"id": "6",
	"productId": "FesNH6sCy-Test",
	"productName": "Spiral Cable Protector",
	"partNo": "FesNH6sCy-Test",
	"imageLink": "https://images-na.ssl-images-amazon.com/images/I/51Bs28VFEjL.jpg",
	"productShortDesc": "Mobile Phone Cable Protector: Protect mobile data/earphone cable from Pulling & Breaking. It maintains cable flexibility.",
	"unitprice":"$ 100",
	"stock":"20"
}]